{"cameraMode":{"drawMode":0,"name":"Shaded","section":"Shading Mode"},"sceneLighting":true,"audioPlay":false,"sceneViewState":{"showFog":true,"showMaterialUpdate":false,"showSkybox":true,"showFlares":true,"showImageEffects":true,"showParticleSystems":true},"in2DMode":false,"pivot":{"x":-358.6965637207031,"y":-666.00634765625,"z":1058.188720703125},"rotation":{"x":-0.277263343334198,"y":0.19066235423088075,"z":-0.05624504014849663,"w":-0.9400593042373657},"size":2334.6494140625,"orthographic":false}